Task Name,Complexity,Component,Description,Due Date,Owner,Place,Priority,Status,Story Points
FastAPI Document Processing Endpoints,Complex,FastAPI,"Create endpoints for document upload, job queuing, and status retrieval","June 20, 2026",Backend Team,,High,To Do,
LangGraph Agent Orchestration Setup,Complex,LangGraph,"Set up LangGraph for multi-agent orchestration with Router, Extraction, Search, Audit, Verification, and Critic agents","June 15, 2026",AI/ML Team,,Critical,To Do,
FastAPI Backend Setup,Complex,FastAPI,"Initialize FastAPI application with async support, authentication middleware, and agent execution endpoints","June 10, 2026",Backend Team,,Critical,To Do,
Next.js Dashboard UI,Complex,Next.js,"Build enterprise dashboard with document upload, job monitoring, and report visualization","June 12, 2026",Frontend Team,,Critical,To Do,
Implement Agent State Management,Complex,LangGraph,Implement shared state management across agents with memory persistence,"June 22, 2026",AI/ML Team,,High,To Do,
FastAPI Authentication & RBAC,Medium,FastAPI,"Implement JWT authentication, refresh tokens, and role-based access control","June 17, 2026",Backend Team,,High,To Do,
NestJS Middleware & Logging,Simple,NestJS,"Implement request logging, error handling, and monitoring middleware","June 20, 2026",Backend Team,,Medium,To Do,
Next.js Real-time Agent Status,Medium,Next.js,Implement WebSocket/polling for real-time agent execution status and progress tracking,"June 22, 2026",Frontend Team,,High,To Do,
Docker Image Optimization,Simple,Docker,Optimize Docker images for production with multi-stage builds,"June 25, 2026",DevOps Team,,Medium,To Do,
NestJS Gateway Setup,Medium,NestJS,"Set up NestJS gateway for API aggregation, rate limiting, and organization routing","June 18, 2026",Backend Team,,High,To Do,
Docker Compose Setup,Medium,Docker,"Create docker-compose file for PostgreSQL, Redis, FastAPI, NestJS, and Next.js services","June 15, 2026",DevOps Team,,Critical,To Do,
Next.js Source Verification UI,Medium,Next.js,Create interactive source verification interface with clickable evidence links,"June 25, 2026",Frontend Team,,High,To Do,
PostgreSQL Database Schema,Medium,PostgreSQL,"Design and implement database schema for users, organizations, documents, jobs, reports, and audit logs","June 10, 2026",Database Team,,Critical,To Do,
BullMQ Worker Implementation,Medium,BullMQ,"Create workers for document processing, agent execution, and report generation","June 20, 2026",Backend Team,,High,To Do,
Vector Database Setup (pgvector),Medium,Vector DB,Configure pgvector extension and create document chunks/embeddings storage,"June 14, 2026",Database Team,,Critical,To Do,
PostgreSQL Indexing & Performance,Medium,PostgreSQL,Add strategic indexes and optimize queries for performance,"June 28, 2026",Database Team,,High,To Do,
Redis Configuration,Simple,Redis,"Set up Redis for message brokering, caching, and session storage","June 12, 2026",DevOps Team,,High,To Do,
BullMQ Job Queue Setup,Medium,BullMQ,Implement BullMQ for long-running document processing jobs with retries and fault tolerance,"June 16, 2026",Backend Team,,Critical,To Do,
Frontend Authentication Flow,Medium,Frontend,"Implement login, registration, and token refresh mechanisms","June 14, 2026",Frontend Team,,High,To Do,
Document Ingestion Service,Complex,Backend,"Create service for file validation, storage, and preprocessing (PDF, XLSX, CSV, DOCX)","June 13, 2026",Backend Team,,Critical,To Do,
Multi-tenancy Implementation,Complex,Backend,Implement organization isolation and data segregation across tenants,"June 24, 2026",Backend Team,,High,To Do,
Report Generation Engine,Complex,Backend,Build system for generating executive-level reports with sections and evidence references,"June 26, 2026",Backend Team,,High,To Do,
Embedding Pipeline Implementation,Complex,Vector DB,"Implement text chunking, embedding generation, and vector storage pipeline","June 21, 2026",AI/ML Team,,High,To Do,
Hybrid Search Implementation,Complex,Vector DB,Implement hybrid search combining dense and sparse retrieval with reranking,"June 25, 2026",AI/ML Team,,High,To Do,
Monitoring & Alerting,Medium,DevOps,Set up monitoring dashboards and alerting for system health and performance,"June 26, 2026",DevOps Team,,High,To Do,
Analytics Widgets,Medium,Frontend,"Create data visualization widgets for metrics, costs, and performance analytics","June 27, 2026",Frontend Team,,Medium,To Do,
Report View & Export,Medium,Frontend,"Create report viewing, filtering, and export functionality (PDF, Excel)","June 28, 2026",Frontend Team,,Medium,To Do,
Audit Trail & Logging,Medium,DevOps,Implement comprehensive logging and audit trail for compliance and debugging,"June 23, 2026",DevOps Team,,High,To Do,